{
    "name": "root",
    "metadata": {
        "timer_format_version": "0.1.0",
        "start_time_seconds": "1668178233",
        "python_version": "3.6.13 |Anaconda, Inc.| (default, Mar 16 2021, 11:37:27) [MSC v.1916 64 bit (AMD64)]",
        "command_line_arguments": "D:\\Anaconda\\envs\\env\\Scripts\\mlagents-learn config/configuration.yaml --run-id=PingPongAgent",
        "mlagents_version": "0.28.0",
        "mlagents_envs_version": "0.28.0",
        "communication_protocol_version": "1.5.0",
        "pytorch_version": "1.7.0+cu110",
        "numpy_version": "1.19.5",
        "end_time_seconds": "1668178303"
    },
    "total": 70.43606820000001,
    "count": 1,
    "self": 0.011605299999999374,
    "children": {
        "run_training.setup": {
            "total": 0.3808747,
            "count": 1,
            "self": 0.3808747
        },
        "TrainerController.start_learning": {
            "total": 70.0435882,
            "count": 1,
            "self": 0.03464059999998881,
            "children": {
                "TrainerController._reset_env": {
                    "total": 12.3117183,
                    "count": 1,
                    "self": 12.3117183
                },
                "TrainerController.advance": {
                    "total": 57.23557980000001,
                    "count": 1149,
                    "self": 0.03557030000006023,
                    "children": {
                        "env_step": {
                            "total": 48.524655400000015,
                            "count": 1149,
                            "self": 46.49225090000009,
                            "children": {
                                "SubprocessEnvManager._take_step": {
                                    "total": 2.0120761999999726,
                                    "count": 1149,
                                    "self": 0.09572940000004593,
                                    "children": {
                                        "TorchPolicy.evaluate": {
                                            "total": 1.9163467999999266,
                                            "count": 971,
                                            "self": 0.38568309999996586,
                                            "children": {
                                                "TorchPolicy.sample_actions": {
                                                    "total": 1.5306636999999608,
                                                    "count": 971,
                                                    "self": 1.5306636999999608
                                                }
                                            }
                                        }
                                    }
                                },
                                "workers": {
                                    "total": 0.020328299999951227,
                                    "count": 1148,
                                    "self": 0.0,
                                    "children": {
                                        "worker_root": {
                                            "total": 23.74720170000001,
                                            "count": 1148,
                                            "is_parallel": true,
                                            "self": 15.642428599999995,
                                            "children": {
                                                "steps_from_proto": {
                                                    "total": 0.0008258,
                                                    "count": 1,
                                                    "is_parallel": true,
                                                    "self": 0.00031709999999999996,
                                                    "children": {
                                                        "_process_rank_one_or_two_observation": {
                                                            "total": 0.0005087000000000001,
                                                            "count": 2,
                                                            "is_parallel": true,
                                                            "self": 0.0005087000000000001
                                                        }
                                                    }
                                                },
                                                "UnityEnvironment.step": {
                                                    "total": 8.103947300000014,
                                                    "count": 1148,
                                                    "is_parallel": true,
                                                    "self": 0.29193749999987695,
                                                    "children": {
                                                        "UnityEnvironment._generate_step_input": {
                                                            "total": 0.47862410000001976,
                                                            "count": 1148,
                                                            "is_parallel": true,
                                                            "self": 0.47862410000001976
                                                        },
                                                        "communicator.exchange": {
                                                            "total": 6.517842800000066,
                                                            "count": 1148,
                                                            "is_parallel": true,
                                                            "self": 6.517842800000066
                                                        },
                                                        "steps_from_proto": {
                                                            "total": 0.8155429000000511,
                                                            "count": 1148,
                                                            "is_parallel": true,
                                                            "self": 0.3184892999999569,
                                                            "children": {
                                                                "_process_rank_one_or_two_observation": {
                                                                    "total": 0.49705360000009424,
                                                                    "count": 2296,
                                                                    "is_parallel": true,
                                                                    "self": 0.49705360000009424
                                                                }
                                                            }
                                                        }
                                                    }
                                                }
                                            }
                                        }
                                    }
                                }
                            }
                        },
                        "trainer_advance": {
                            "total": 8.67535409999994,
                            "count": 1148,
                            "self": 0.05201349999988736,
                            "children": {
                                "process_trajectory": {
                                    "total": 2.7085562000000536,
                                    "count": 1148,
                                    "self": 2.7085562000000536
                                },
                                "_update_policy": {
                                    "total": 5.9147843999999985,