{"count":1,"self":50.644067199999995,"total":233.2676821,"children":{"InitializeActuators":{"count":12,"self":0.0008101,"total":0.0008101,"children":null},"InitializeSensors":{"count":12,"self":0.0010012,"total":0.0010012,"children":null},"AgentSendState":{"count":133484,"self":0.2692188,"total":1.6644614999999998,"children":{"CollectObservations":{"count":320364,"self":0.36687549999999997,"total":0.36687549999999997,"children":null},"WriteActionMask":{"count":320364,"self":0.0346751,"total":0.0346751,"children":null},"RequestDecision":{"count":320364,"self":0.27557729999999997,"total":0.9936921,"children":{"AgentInfo.ToProto":{"count":320364,"self":0.2165039,"total":0.71811479999999994,"children":{"GenerateSensorData":{"count":320364,"self":0.5016109,"total":0.5016109,"children":null}}}}}}},"DecideAction":{"count":133484,"self":176.649664,"total":176.64966719999998,"children":null},"AgentAct":{"count":133484,"self":4.2774104,"total":4.3076739,"children":{"AgentInfo.ToProto":{"count":6251,"self":0.0097422999999999989,"total":0.0302635,"children":{"GenerateSensorData":{"count":6251,"self":0.0205212,"total":0.0205212,"children":null}}}}}},"gauges":{"3DBall.CumulativeReward":{"count":6251,"max":100.099045,"min":1.41561031E-07,"runningAverage":4.049408,"value":100.099045,"weightedAverage":80.54531}},"metadata":{"timer_format_version":"0.1.0","start_time_seconds":"1668094541","unity_version":"2021.3.10f1","command_line_arguments":"R:\\APPs\\Unity\\2021.3.10f1\\Editor\\Unity.exe -projectpath D:\\Unity\\VideoIA -useHub -hubIPC -cloudEnvironment production -licensingIpc LicenseClient-rober -hubSessionId 6e030370-6107-11ed-8389-ddcd730e70ec -accessToken sMnOzzjc4deISRdW7XjSsvB7rV3ZLOxH9B8klIjp-DA004f","communication_protocol_version":"1.5.0","com.unity.ml-agents_version":"2.0.1","scene_name":"3DBall","end_time_seconds":"1668094774"}}