{"count":1,"self":159.73788159999998,"total":161.59048149999998,"children":{"InitializeActuators":{"count":2,"self":0.0010008999999999999,"total":0.0010008999999999999,"children":null},"InitializeSensors":{"count":2,"self":0.0015013,"total":0.0015013,"children":null},"AgentSendState":{"count":7855,"self":0.010508799999999999,"total":0.0340271,"children":{"CollectObservations":{"count":3142,"self":0.0075052999999999995,"total":0.0075052999999999995,"children":null},"WriteActionMask":{"count":3142,"self":0.0020024,"total":0.0020024,"children":null},"RequestDecision":{"count":3142,"self":0.0140106,"total":0.0140106,"children":null}}},"DecideAction":{"count":7855,"self":1.7789427999999998,"total":1.7789427999999998,"children":null},"AgentAct":{"count":7855,"self":0.036622999999999996,"total":0.036622999999999996,"children":null}},"gauges":{"PingPongAgent.CumulativeReward":{"count":62,"max":3,"min":-1,"runningAverage":0.01612903,"value":0,"weightedAverage":0.008969296}},"metadata":{"timer_format_version":"0.1.0","start_time_seconds":"1668188080","unity_version":"2021.3.10f1","command_line_arguments":"R:\\APPs\\Unity\\2021.3.10f1\\Editor\\Unity.exe -projectpath D:\\Unity\\VideoIA -useHub -hubIPC -cloudEnvironment production -licensingIpc LicenseClient-rober -hubSessionId a1cfb280-61e2-11ed-9f6e-0b988bcc65c5 -accessToken 8zT5LEdYGW2K3Sol2JrBRpKxbOTQ3doTSUDuPm1YT9Q004f","communication_protocol_version":"1.5.0","com.unity.ml-agents_version":"2.0.1","scene_name":"Easy 1","end_time_seconds":"1668188241"}}