{"count":1,"self":36.8827424,"total":37.4817539,"children":{"InitializeActuators":{"count":2,"self":0.0010003,"total":0.0010003,"children":null},"InitializeSensors":{"count":2,"self":0.0015008999999999999,"total":0.0015008999999999999,"children":null},"AgentSendState":{"count":1657,"self":0.0025017999999999998,"total":0.0125014,"children":{"CollectObservations":{"count":664,"self":0.0015004999999999999,"total":0.0015004999999999999,"children":null},"WriteActionMask":{"count":664,"self":0,"total":0,"children":null},"RequestDecision":{"count":664,"self":0.008499099999999999,"total":0.008499099999999999,"children":null}}},"DecideAction":{"count":1657,"self":0.57800449999999992,"total":0.57800449999999992,"children":null},"AgentAct":{"count":1657,"self":0.0055039999999999993,"total":0.0055039999999999993,"children":null}},"gauges":{"PingPongAgent.CumulativeReward":{"count":6,"max":2,"min":-1,"runningAverage":0.166666672,"value":1,"weightedAverage":0.115234375}},"metadata":{"timer_format_version":"0.1.0","start_time_seconds":"1668189453","unity_version":"2021.3.10f1","command_line_arguments":"R:\\APPs\\Unity\\2021.3.10f1\\Editor\\Unity.exe -projectpath D:\\Unity\\VideoIA -useHub -hubIPC -cloudEnvironment production -licensingIpc LicenseClient-rober -hubSessionId a1cfb280-61e2-11ed-9f6e-0b988bcc65c5 -accessToken 8zT5LEdYGW2K3Sol2JrBRpKxbOTQ3doTSUDuPm1YT9Q004f","communication_protocol_version":"1.5.0","com.unity.ml-agents_version":"2.0.1","scene_name":"NoPlayer","end_time_seconds":"1668189491"}}