{"count":1,"self":51.3434144,"total":546.7077135,"children":{"InitializeActuators":{"count":18,"self":0.0015022,"total":0.0015022,"children":null},"InitializeSensors":{"count":18,"self":0.0015011999999999998,"total":0.0015011999999999998,"children":null},"AgentSendState":{"count":152467,"self":0.4606857,"total":3.1162378,"children":{"CollectObservations":{"count":548892,"self":0.43392749999999997,"total":0.43392749999999997,"children":null},"WriteActionMask":{"count":548892,"self":0.064844199999999991,"total":0.064844199999999991,"children":null},"RequestDecision":{"count":548892,"self":0.4858248,"total":2.1567803999999997,"children":{"AgentInfo.ToProto":{"count":548892,"self":0.3495622,"total":1.6709555999999999,"children":{"GenerateSensorData":{"count":548892,"self":1.3213933999999998,"total":1.3213933999999998,"children":null}}}}}}},"DecideAction":{"count":152467,"self":489.9234304,"total":489.9234292,"children":null},"AgentAct":{"count":152467,"self":2.2200318,"total":2.2200318,"children":{"AgentInfo.ToProto":{"count":12,"self":0,"total":0,"children":{"GenerateSensorData":{"count":12,"self":0,"total":0,"children":null}}}}},"AgentInfo.ToProto":{"count":17666,"self":0.027030199999999997,"total":0.1005957,"children":{"GenerateSensorData":{"count":17666,"self":0.073565499999999992,"total":0.073565499999999992,"children":null}}}},"gauges":{"PingPongAgent.CumulativeReward":{"count":17678,"max":66,"min":-1,"runningAverage":-0.337650627,"value":1,"weightedAverage":-0.0297491252}},"metadata":{"timer_format_version":"0.1.0","start_time_seconds":"1668142267","unity_version":"2021.3.10f1","command_line_arguments":"R:\\APPs\\Unity\\2021.3.10f1\\Editor\\Unity.exe -projectpath D:\\Unity\\VideoIA -useHub -hubIPC -cloudEnvironment production -licensingIpc LicenseClient-rober -hubSessionId 6e030370-6107-11ed-8389-ddcd730e70ec -accessToken XmhKxjwTYg5byCRvu0DE3ZsTHu17lvQhI-4yYFCyPvE004f","communication_protocol_version":"1.5.0","com.unity.ml-agents_version":"2.0.1","scene_name":"TriningPark","end_time_seconds":"1668142814"}}